"sr_no","University Name","courses","National Ranking","Global Ranking","Application Form","Number of Students","Number of Courses","Scholarships","Bank Loan","About","Affiliations","Achievements","NAAC Rating","Website"
"1","AIIMS Bathinda","MBBS
- MD(Psychiatry, General Medicine, Paediatrics, Radiodiagnosis, Obstetrics & Gynaecology, Orthopaedics, Physiology, Forensic Medicine & Toxicology, Pulmonary Medicine, Community Medicine, Anaesthesia, Dermatology, Anatomy, Biochemistry, Microbiology, Pathology, Pharmacology, Radiotherapy, and E.N.T.)
- Nursing (B.Sc, M.Sc)                                                                               - MS(Ophthalmology, General Surgery)
- Paramedical Courses (BPT, MPT, DMLT, etc.)
- Ph.D. Programs (Medical and Allied Fields)","2","Not listed","Available online","1000+","Varies by program","Available","Available","Focus on health sciences","Partnerships with international universities","top medical colleges in India.","","https://www.aiimsbathinda.edu.in/"
"2","Adesh University, Bathinda","M.B.B.S., Bachelor of Science [B.Sc] {Lateral}, Bachelor of Dental Surgery [BDS], Bachelor of Science [B.Sc] (Nursing), Bachelor of Physiotherapy [BPT], Bachelor of Science [B.Sc]. Bachelor of Pharmacy [B.Pharm], General Nursing and Midwifery [GNM], Diploma in Pharmacy [D.Pharm], Post Basic Bachelor of Science [P.B.B.Sc] (Nursing). Bachelor of Library and Information Science [B.Lib.I.Sc], Pharm.D (Post Baccalaureate), Diploma programs. Pharm.D, Master of Business Administration [MBA] (Hospital Administration), Master of Science [M.Sc], Doctorate of Medicine [MD], Master of Physiotherapy [MPT], Post Graduate Diploma programs. Master of Library, Information Science [M.Lib.I.Sc], Bachelor of Pharmacy [B.Pharma] {Lateral}, Ph.D., Master of Public Health [MPH], Advanced Diploma, Master of Surgery [M.S], Master of Dental Surgery [MDS], Post Graduate Diploma in Hospital Administration.","Not listed","Not listed","Available online","3,000+ ","Varies by program","Available","Available","Focus on health sciences","Partnerships with international universities","Recognized for medical research","NAAC Rating: B+","adeshuniversity.ac.in"
"3","Akal University, Bathinda","Undergraduate options : Bachelor of Science [B.Sc] {Hons.}, Bachelor of Technology [B.Tech] (Computer Science and Engineering), Bachelor of Science [B.Sc] (Agriculture), Bachelor of Science [B.Sc] + Bachelor of Education [B.Ed]. Bachelor of Arts [BA] + Bachelor of Education [B.Ed], Bachelor of Commerce [B.Com] {Hons.}, Bachelor of Computer Applications [BCA] {Hons.}, Bachelor of Arts [BA] {Hons.}. Postgraduate options : Master of Science [M.Sc] {Hons.}, Master of Arts [MA] {Hons.}, Master of Commerce [M.Com] {Hons.}. Bachelor of Vocational Studies [B.Voc].","Not listed","Not listed","Available online","1,000+","Varies by program","Available","Available","Focus on holistic education and research","International collaborations","Awards in academics","NAAC Rating: A","akaluniversity.edu.in"
"4","Amity University, Mohali","Bachelor of Science [B.Sc] {Hons.}, Master of Computer Applications [M.C.A], Bachelor of Arts + Bachelor of Laws [BALLB] {Hons.}, Bachelor of Architecture [B.Arch] (Interior Design). Bachelor of Computer Applications [BCA], Bachelor of Technology [B.Tech], Bachelor of Design [B.Des], Bachelor of Business Administration [BBA]. Bachelor of Laws [L.L.B.] {Hons.}, Master of Arts [MA] {Hons.}, Master of Laws [L.L.M], Master of Science [M.Sc] {Hons.}. Bachelor of Science [B.Sc] + Master of Science [M.Sc] {Hons.}, Bachelor of Arts [BA] + Master of Arts [MA] {Hons.} (English). Bachelor of Arts [BA] {Hons.} (Research), Bachelor of Commerce [B.Com], Bachelor of Pharmacy [B.Pharm], Bachelor of Science [B.Sc] + Master of Science [M.Sc] (Forensic Science), Bachelor of Science [B.Sc] (Research) (Microbiology). Bachelor of Optometry [B.Optom], Bachelor of Technology [B.Tech] {Hons.} (Biotechnology), Bachelor of Journalism, Mass Communication [BJMC], Bachelor of Business Administration [BBA] + Bachelor of Laws [L.L.B.] {Hons.}, Ph.D. programs, M.Phil. (Clinical Psychology), Master of Science [M.Sc].","51-100 (India)","Not listed","Available online","5,000+","Varies by program","Available","Available","Well-established private university","Numerous foreign collaborations","Ranked among top private universities in India","NAAC Rating: A","amity.edu"
"5","Baba Farid University of Health Sciences, Faridkot","M.B.B.S., Bachelor of Science [B.Sc] (Nursing), Bachelor of Ayurvedic Medicine and Surgery, General Nursing and Midwifery [GNM], Bachelor of Physiotherapy [BPT], Bachelor of Pharmacy [B.Pharm], Bachelor of Dental Surgery [BDS], Bachelor in Medical Laboratory Technology [BMLT]. Master of Dental Surgery [MDS], Bachelor of Pharmacy [B.Pharma] {Lateral}, Diploma, Post Graduate Diploma, Bachelor of Homeopathic Medicine & Surgery [BHMS], Master of Physiotherapy [MPT], Certification courses. Advanced courses include Doctorate of Medicine [DM] (Cardiology), Doctorate of Medicine [MD], Ph.D., Master of Pharmacy [M.Pharm], Master of Surgery [MS], Post Basic Diploma, Master of Chirurgiae [M.Ch], DM, Master of Surgery [MS] (Otorhinolaryngology), and Master in Hospital Administration [MHA].","Not listed","Not listed","Available online","2,000+","Varies by program","Available","Available","Health and medical research-focused university","International partnerships in health sciences","Known for medical research and education","NAAC Rating: B+","bfuhs.ac.in"
"6","Central University of Punjab, Bathinda"," MBA (Agribuisiness) 
M.Sc. (Food Science and technology, Life Sciences, Chemistry, Applied Chemistry, Computational Chemistry, Physics, Mathematics, Statistics, Chemical Sciences, Geography, Geology)
M.Pharm Pharmaceuticles Sciences (Medical Chemistry, Pharmacogonosy and Phytochemistry)
M.A. (Education, Geography, Journalism and mass communicaton, Political science, English, Hindi, Punjabi, Economics, History, Psycology, Sociology)
M.Ed.
MP.Ed.
M.Tech (CS and Technology, Cyber Security)
M.Lib 
M.Com
LLM
Ph.D (Botany, Zoology, Chemistry, Biochemistry, Microbial Science, CS & Technology, Mathematics, Pharmaceuticles Science, Physics, Education, Enviromental Science, Geography, Political Science, Human Genetics, Molecular Medicines, Economics, Mass communication and Media Studeis, Commerce, Punjabi, Hindi)","100-150 (India)","Not listed","Available online","Approx. 2,000","Varies by program","Available","Available","Focus on research and innovation","Some international collaborations","Known for research output","NAAC Rating: A","cup.edu.in"
"7","Chandigarh University, Mohali","Undergraduate Programs:
Engineering (B.E./B.Tech): Specializations include Computer Science, Mechanical, Civil, Electrical, Electronics & Communication, Chemical, Aerospace, Biotechnology, and more.

Business Administration (BBA): Specializations in Advertising & Marketing, Banking & Finance, Insurance & Risk Management, Tourism & Event Management, and Forex Management.

Computer Applications (BCA): Specializations in Augmented Reality & Virtual Reality, User Interface/User Experience Design, and International Tie-up Programs.

Design (B.Des): Specializations in Interior Design, Industrial Design, Fashion Design, and User Interface/User Experience Design.

Science (B.Sc): Programs in Computer Science, Forensic Science, Medical Lab Technology, Mathematics, Microbiology, Nutrition & Dietetics, and more.

Arts (B.A.): Programs in Liberal Arts, Psychology, Economics, English, and Performing Arts.

Law (LL.B.): Integrated programs like B.A. LL.B. and B.Com. LL.B.

Architecture (B.Arch): Bachelor's program in Architecture.

Pharmacy (B.Pharm): Bachelor's program in Pharmacy.

Hotel Management (BHM): Bachelor's in Hospitality and Hotel Management.

Postgraduate Programs:

Engineering (M.E./M.Tech): Advanced specializations in various engineering fields.

Business Administration (MBA): Specializations in Entrepreneurship, Digital Marketing, Finance, Business Analytics, and more.

Computer Applications (MCA): Master's in Computer Applications.
Design (M.Des): Master's programs in various design disciplines.

Science (M.Sc): Programs in disciplines like Data Science, Biotechnology, Microbiology.

Arts (M.A.): Master's programs in English, Psychology, Economics, and more.

Law (LL.M.): Master's in Law with various specializations.
Pharmacy (M.Pharm): Master's program in Pharmacy.
Architecture (M.Arch): Master's in Architecture.

Doctoral Programs:
Ph.D.: Offered in various disciplines including Engineering, Management, Sciences, and Humanities.
Pharm.D.: Doctor of Pharmacy program.","100-150 (India)","Not listed","Available online","Approx. 20,000","Varies by program","Available","Available","Private university with global links","International partnerships","Top private university in Punjab","NAAC Rating: A+","cumail.in"
"8","Chitkara University, Rajpura","Undergraduate Programs
Engineering Programs: Automobile Engineering with ARAI, Civil Engineering, CSE in AI & Future Technologies, CSE in AI & ML with Microsoft, Electrical Engineering, Electrical Engineering with a Minor in CSE, Electronics & Communication Engineering, Mechanical Engineering, Mechanical Engineering with a Minor in CSE, Mechatronics Engineering, Software Engineering with Deakin University, 4-Year CSE Program.
Computer Application Programs: BCA with AI & ML.
Maritime Studies: B.Sc Nautical Science.
Business & Accounting: BBA in Aviation Management, BBA in Data Science & Artificial Intelligence, BBA in Digital Transformation & Strategy, BBA in FinTech, BBA in Logistics & Supply Chain Management, BBA in Retail Management, BBA Professional, BBA with Trent University, BBA (Hons.) in Liberal Education, B.Com, B.Com with ACCA, B.Com with University of Windsor, BBA in Business Analytics with George Brown College, BBA Economics with Data Science.
Design School: B.Des in Animation, B.Des in Communication Design, B.Des in Fashion Design, B.Des in Product Design, B.Des in User Experience, Bachelor of Fine Arts.
Journalism & Mass Communication: B.A. Journalism.
Planning & Architecture: B.Architecture, B.Des in Interior Design.
Hospitality & Hotel Management: B.Sc Bakery and Pastry Arts, B.Sc Culinary Arts, B.Sc Hospitality Administration, B.Sc in Hospitality & Hotel Management with NCHMCT.
Allied Health Sciences: B.Sc Medical Laboratory Science, B.Sc Medical Radiology and Imaging Technology, B.Sc Nutrition & Dietetics (Hons.), B.Sc Operation Theatre & Anaesthesia Technology, Bachelor of Physiotherapy.
Psychology & Counselling: B.A Psychology, B.Sc Psychology.
Optometry: B.Optometry.
Nursing: B.Sc Nursing Basic, Post Basic B.Sc Nursing.
Pharmaceutical Sciences: B.Pharm, Pharm. D.
Postgraduate Programs
Business School (MBA Specializations): Banking, Financial Services, and Insurance, Data Science & Artificial Intelligence with EY, Finance, Healthcare, Human Resource Management, Logistics & Supply Chain Management, Marketing, Pharmaceutical Management, Public Health, Retail Management, Rural Management, Sales & Marketing.
Pharmaceutical Sciences: M.Pharm (Pharmaceutics/Pharmacology/Pharmacy Practice/Drug Regulatory Affairs/Pharmaceutical Chemistry), M.Sc Pharmacovigilance with Parexel, Pharm D (Post Baccalaureate).
Nursing: M.Sc Nursing.
Allied Healthcare: M.Sc Clinical Embryology.
Engineering (M.E. Fellowship Programs): M.E. (Fellowship) in Autonomous Vehicles, M.E. (Fellowship) in CSE, M.E. (Fellowship) in ECE, M.E. (Fellowship) in ME.
Computer Applications: MCA.
Psychology & Counselling: M.Sc Psychology.
Design School: M.Des in User Experience (UX/UI), Master of Fine Arts.
Planning & Architecture: M.Des in Interior Design.
Journalism & Mass Communication: M.A. Journalism.
Global Programs
Software Engineering with Deakin University, B.E. in Computer Science with Arizona State University, Bachelor of Commerce with University of Windsor, BBA with Trent University, Bachelor of Business Analytics with George Brown College, Joint Doctoral Program with Deakin University.
PhD Programs
Architecture, Urban Design & Development, Applied Sciences, Art & Design, Business Management, Design, Education, Engineering & Technology, Health Sciences, Law, Media Studies, Nursing, Pharmaceutical Sciences, Psychology.","101-150 (India)","Not listed","Available online","Approx. 5,000","Varies by program","Available","Available","Focus on practical and industry-oriented education","Partnerships with universities worldwide","Known for industry connections","NAAC Rating: A","chitkara.edu.in"
"9","CT University, Ludhiana","Undergraduate programs include B.Tech (Computer Science, Mechanical, Civil, ECE), BBA (General, Financial Services, Digital Marketing, Business Analytics), BCA (Cloud Technology, AI, Data Sciences), B.Des (Fashion, Interior Design), B.Sc (Agriculture, IT, Computer Science, Medical Lab Technology, Radiology, Anesthesia, Public Health), B.A. (English, Political Science, Journalism, Psychology), LL.B (B.A. LL.B, B.Com. LL.B), B.Pharm, and Hotel Management programs.

Postgraduate programs include M.Tech (CSE, Mechanical, Civil), MBA (Finance, Marketing, HR, Digital Marketing, International Business), MCA, M.Sc (Fashion Design, Psychology, Medical Technology), LL.M, M.Pharm (Pharmaceutics, Pharmacology), and Master of Social Work.

Diplomas include Computer Science, Mechanical Engineering, and D.Pharm.

Doctoral programs include Ph.D. in various disciplines.","Not listed","Not listed","Available online","Approx. 5,000","Varies by program","Available","Available","Private institution focused on skill development","International collaborations in education","Notable for entrepreneurship focus","NAAC Rating: B+","ctuniversity.in"
"10","Desh Bhagat University, Mandi Gobindgarh","Undergraduate: B.Tech (Aeronautical, Civil, CSE, EEE, ECE, Mechanical), B.Sc (Agriculture, IT, Fashion Technology, Airlines Tourism, Hotel Management, Nursing, Medical Lab Tech, Operation Theatre Tech), B.A. (Economics, Education, English, Hindi, History, Political Science, Psychology, Sociology), B.Com, BBA, BCA, LL.B (3-year), B.A. LL.B (5-year), B.Pharm, BPT, BFA.

Postgraduate: M.Tech (Civil, CSE, EEE, ECE, Mechanical), M.Sc (Chemistry, Math, Physics, IT, Fashion Tech, Botany, Zoology, Nursing), M.A. (Economics, Education, English, Hindi, History, Political Science, Psychology, Sociology), M.Com, MBA, MCA, LL.M, M.Pharm, MPT, MFA.

Diplomas: Diplomas in Engineering (Civil, CSE, EEE, ECE, Mechanical), D.Pharm, Paramedical Sciences (MLT, OTT), Education (ETT).

Doctoral: Ph.D. in multiple disciplines (Science, Engineering, Arts, Commerce, Management).","Not listed","Not listed","Available online","Approx. 2,000","Varies by program","Available","Available","Focus on skill development and innovation","International links in education","Recognized for innovation","NAAC Rating: B","deshbhagatuniversity.in"
"11","Dr. B. R. Ambedkar National Institute of Technology (NIT), Jalandhar","Undergraduate: B.Tech (Bio-Technology, Chemical, Civil, Computer Science, Electrical, Electronics & Communication, Industrial & Production, IT, Instrumentation & Control, Mechanical, Textile Technology).

Postgraduate: M.Tech (Bio-Technology, Chemical, Civil - Structural/Geotechnical/Environmental, CSE, Control & Instrumentation, Design, ECE, Industrial, Manufacturing, Mechanical, Power Systems, Textile Engineering & Management, VLSI Design), MBA (Finance, Marketing, HR, Operations), M.Sc (Chemistry, Mathematics, Physics).

Doctoral: Ph.D. in various disciplines (Engineering, Sciences, Management).
","48 (India)","Not listed","Available online","Approx. 5,000","Engineering programs","Available","Available","Prestigious national institute for technology","Collaborations with top universities globally","Ranked among NITs","NAAC Rating: A","nitj.ac.in"
"12","GNA University, Phagwara","Certificate & Diploma Programs:
School of Engineering Design & Automation: (Advanced Certificate Program in Civil CAD, Certificate Program in Civil CAD, Certificate Program in Integrated CAD/CAM, Certificate Program in CAD/CAM, Diploma in Civil Technology, Diploma in Mechanical Engineering CAD/CAM, Post Diploma in CAD/CAM).
School of Design & Mass Communication: (Certificate Program in Digital Design & Video Editing).
School of Computational Sciences: (Diploma in Cyber Security, Digital Marketing & Social Networks).

Undergraduate Programs:
School of Hospitality: (Bachelor of Hotel Management & Catering Technology, B.Sc Hotel Management, B.Sc Airlines Tourism & Hospitality, B.Sc Culinary Arts).
School of Engineering Design & Automation: (Bachelor of Design, B.Tech Aerospace Engineering, B.Tech Civil Engineering, B.Tech Computer Science & Engineering, B.Tech Electronics & Communication Engineering, B.Tech Electronics & Computer Engineering, B.Tech Mechanical & Automation Engineering [Enabled with AI/ML], B.Tech Robotics & Automation Engineering).
School of Computational Sciences: (BCA, B.Sc Information Technology, B.Sc in Digital Marketing & Social Networks).
School of Allied & Health Care Sciences: (B.Sc Medical Lab Sciences, Bachelors in Physiotherapy, B.Sc Nutrition & Dietetics, B.Sc Operation Theatre & Anesthesia Technology, B.Sc Medical Radiology & Imaging Technology, Bachelor of Optometry).
School of Design & Mass Communication: (B.Sc Animation & Multimedia, BA [Journalism & Mass Communication], Bachelor of Design).
School of Natural Sciences: (B.Sc Physics, B.Sc Chemistry, B.Sc Mathematics, B.Sc [Medical], B.Sc Physical Sciences [Non-Medical]).
GNA Business School: (BBA, B.Com, B.Com in Data Science, BBA in Digital Marketing [Powered by Upgrad]).
School of Liberal Arts: (Bachelors of Arts [English]).

Postgraduate Programs:
School of Engineering Design & Automation: (M.Tech Civil Engineering, M.Tech CAD/CAM, M.Tech Computer Science & Engineering [CSE], M.Tech Aerospace Engineering).
School of Hospitality: (M.Sc Hotel Management).
School of Allied & Health Care Sciences: (M.Optom, M.Sc Medical Laboratory Science).
School of Computational Sciences: (MCA).
School of Natural Sciences: (M.Sc Physics, M.Sc Chemistry, M.Sc Mathematics).
School of Liberal Arts: (Masters of Arts [English]).
School of Design & Mass Communication: (M.Sc Animation & Multimedia).
School of Physical Education & Sports: (Masters of Physical Education & Sports).
GNA Business School: (MBA, MBA [BFSI], MBA in Digital Marketing, MBA in Business Analytics).
P.h.D Programes
Business Management and Commerce, Physics, Chemostry, Mathematics, Mechanical Engeneering, Mass Communication and Journalism, Tourisim, Pharmaceutical Science, Computer Science, IT, Computer Applications, Computer Science Engineering, Electronics and Communication Engineering, English , Hotel Management, Physical Education.","Not listed","Not listed","Available online","Approx. 2,000","Varies by program","Available","Available","Private institution focused on professional courses","International partnerships in education","Recognized for engineering programs","NAAC Rating: B","gnauniversity.edu.in"
"13","I K Gujral Punjab Technical University (IKGPTU), Kapurthala","At the undergraduate level, Bachelor of Technology (B.Tech) degrees in disciplines such as Computer Science & Engineering, Mechanical Engineering, Civil Engineering, and Electronics & Communication Engineering. Additionally, Bachelor of Computer Applications (BCA), Bachelor of Business Administration (BBA), Bachelor of Architecture (B.Arch), and Bachelor of Planning (B.Planning) programs are available. For postgraduate studies, Master of Technology (M.Tech) programs in fields like Computer Science & Engineering and Mechanical Engineering. Master of Science (M.Sc) degrees are offered in Mathematics and Physics. The university also provides Master of Architecture (M.Arch) and Master of Planning (M.Planning) programs. Master of Business Administration (MBA) and Master of Computer Applications (MCA) programs. Diploma and certificate courses are also available in various specializations. ","101-150 (India)","Not listed","Available online","Approx. 5,000","Varies by program","Available","Available","Focus on technical and vocational education","Global collaborations in research","Known for engineering programs","NAAC Rating: B+","ikgptu.edu.in"
"14","Indian School of Business (ISB), Mohali","Post Graduate Program in Management (PGPM), Post Graduate Program in Management for Senior Executives (PGPMAX), Certification courses, Fellow Programme in Management (FPM), Executive Fellow Program in Management (EFPM), Post Graduate Program in Family Managed Business (PGPFMB), Post Graduate Programme in Management for Young Leaders (PGPYL), Post Graduate Working Professional Program in Management (PGWPM), and Advanced Management Programme.","5 (India)","100-150 (Global)","Available online","Approx. 300","MBA programs","Available","Available","One of India's top business schools","International partnerships with top universities","Known for MBA excellence","NAAC Rating: A+","isb.edu"
"15","Khalsa College, Amritsar","Bachelor of Science (B.Sc), Diploma, Master of Science (M.Sc), 
Bachelor of Science {Hons.} (B.Sc {Hons.}), Bachelor of Commerce {Hons.} (B.Com {Hons.}), 
Bachelor of Business Administration (BBA), Bachelor of Computer Applications (BCA), 
Bachelor of Commerce (B.Com), Bachelor of Arts (BA), Master of Arts (MA), 
Master of Commerce (M.Com), Certification, Post Graduate Diploma in Management (PGDM), 
Master of Physiotherapy (MPT), Master of Science {Hons.} (M.Sc {Hons.}), 
Bachelor of Vocational Studies (B.Voc), Bachelor of Tourism and Travel Management (BTTM), 
Post Graduate Diploma, Bachelor of Arts {Hons.} (BA {Hons.}), and Diploma in Cyber Security.","Not listed","Not listed","Available online","Approx. 5,000","Varies by program","Available","Available","One of the oldest and prestigious colleges in Punjab","Collaborations with international universities","Known for cultural and academic excellence","NAAC Rating: B","khalsacollege.edu"
"16","Lovely Professional University (LPU), Phagwara","Undergraduate Programs:
Engineering and Technology:
B.Tech in Computer Science and Engineering
B.Tech in Mechanical Engineering
B.Tech in Civil Engineering
B.Tech in Electronics and Communication Engineering
B.Tech in Information Technology
Management and Commerce:
Bachelor of Business Administration (BBA)
Bachelor of Commerce (B.Com)
Design and Fine Arts:
Bachelor of Design (B.Des)
Bachelor of Fine Arts (BFA)
Law:
BA LLB (Hons)
BBA LLB (Hons)
LLB
Agriculture and Sciences:
B.Sc (Hons) in Agriculture
B.Sc in Biotechnology
B.Sc in Physics, Chemistry, Mathematics
Hotel Management and Tourism:
Bachelor of Hotel Management and Catering Technology (BHMCT)
B.Sc in Airlines, Tourism, and Hospitality
Computer Applications and IT:
Bachelor of Computer Applications (BCA)
Postgraduate Programs:
Engineering and Technology:
M.Tech in Computer Science and Engineering
M.Tech in Mechanical Engineering
M.Tech in Civil Engineering
Management:
Master of Business Administration (MBA)
Design and Fine Arts:
Master of Design (M.Des)
Master of Fine Arts (MFA)
Law:
LLM
Sciences:
M.Sc in Physics, Chemistry, Mathematics
M.Sc in Biotechnology
Computer Applications and IT:
Master of Computer Applications (MCA)
Doctoral Programs:
Ph.D. in various specializations across disciplines
Diploma and Certificate Programs:
Diplomas in Engineering, Management, and other fields
Certificate courses in specialized areas","30-50 (India)","Not listed","Available online","Approx. 30,000","Varies by program","Available","Available","Largest private university in India","Global partnerships in education and research","Recognized for academic and campus facilities","NAAC Rating: A+","lpu.in"
"17","National Institute of Pharmaceutical Education and Research (NIPER), Mohali","Postgraduate programs include Master of Business Administration (MBA) in Pharmaceutical Management, Master of Pharmacy (M.Pharm) with options such as Pharmacy Practice, Master of Science (M.S) in various specializations, and Master of Technology (M.Tech) in Pharmaceutical Technology. Ph.D. programs in 10 disciplines for advanced research in pharmaceutical sciences. ","Not listed","Not listed","Available online","Approx. 500","Specialized courses","Available","Available","Focus on pharmaceutical education and research","Collaborations with international pharmaceutical institutions","Renowned for pharmaceutical studies","NAAC Rating: A","niper.ac.in"
"18","Punjab Agricultural University (PAU), Ludhiana","Undergraduate : Bachelor of Science (B.Sc) degrees in specializations such as Agriculture, Horticulture, Biotechnology, Nutrition and Dietetics, and Community Science. Bachelor of Technology (B.Tech) programs in Agricultural Engineering, Biotechnology, and Food Technology. For postgraduate studies, the university offers Master of Science (M.Sc) degrees in fields like Agronomy, Entomology, Plant Pathology, Soil Science, Horticulture, Forestry, Biotechnology, Botany, Zoology, Microbiology, Biochemistry, Chemistry, and Physics Master of Technology (M.Tech) programs in disciplines such as Soil and Water Engineering, Process and Food Engineering, Farm Machinery and Power Engineering, Civil Engineering, and Computer Science & Engineering. Master of Business Administration (MBA) programs with specializations in Business Administration and Agri-Business. Doctor of Philosophy (Ph.D.) programs are available in numerous specializations, including Agronomy, Entomology, Plant Pathology, Soil Science, Horticulture, Forestry, Biotechnology, Botany, Zoology, Microbiology, Biochemistry, Chemistry, Physics, and various engineering disciplines. diploma and certificate courses in areas like Agriculture and Hybrid Seed Production Technology.","150-200 (India)","Not listed","Available online","Approx. 5,000","Varies by program","Available","Available","Leading agricultural university in India","International collaborations in agricultural research","Known for agricultural education and research","NAAC Rating: A+","pau.edu"
"19","Punjabi University, Patiala","Undergraduate Programs:
Bachelor of Arts (B.A.): Dance, Gurmat Sangeet, Journalism, Mass Communication & Media Technology, Punjabi.
Bachelor of Science (B.Sc.): Mathematics, Computer Science, Artificial Intelligence & Data Science.
Bachelor of Technology (B.Tech.): Computer Science and Engineering, Mechanical Engineering, Civil Engineering, Electronics & Communication Engineering.
Professional Courses: Bachelor of Pharmacy (B.Pharm.), Bachelor of Physiotherapy (BPT), Bachelor of Hotel Management (BHM).

Postgraduate Programs:
Master of Arts (M.A.): Hindi, Punjabi, Gurmat Sangeet.
Master of Science (M.Sc.): Mathematics, Physics, Computer Science.
Master of Technology (M.Tech.): Computer Science and Engineering, Electronics & Communication Engineering.
Other Master's Degrees: Master of Business Administration (MBA), Master of Commerce (M.Com.), Master of Computer Applications (MCA), Master of Pharmacy (M.Pharm.).

Diploma Programs:
Commercial Art, Divinity, Early Childhood Education, Fine Arts, French, Guidance and Counselling, Hindi, Library and Information Science, Music, Persian, Punjabi, Sanskrit, Tourism Studies, Urdu.

Certificate Courses:
Chinese, Early Childhood Care and Education, French, German, Modern Arabic, Modern Persian, Music, Russian, Sikhism, Spoken English, Urdu, Sanskrit, Fine Arts, Pali, Yog Science.

Doctoral Programs:
Ph.D. Programs: Offered in various disciplines across arts, sciences, and professional fields.","101-150 (India)","Not listed","Available online","Approx. 10,000","Varies by program","Available","Available","Leading public university in Punjab","Collaborations with international universities","Known for cultural and academic diversity","NAAC Rating: A","punjabiuniversity.ac.in"
"20","Rajiv Gandhi National University of Law (RGNUL), Patiala","Undergraduate Program: B.A. LL.B. (Hons.): Five-year integrated program. 
Postgraduate Programs: LL.M. (Master of Laws): One-year program with specializations in Corporate Laws, Criminal Law, Constitutional Law, and International Law.  Ph.D. Programs: Doctoral research opportunities in Law, Criminology, Social Sciences, Economics, and allied subjects interfacing with law. 
Diploma Programs: Specialization in Cyber Laws.","Not listed","Not listed","Available online","Approx. 500","Law programs","Available","Available","Premier law university in Punjab","International collaborations in law","Recognized for legal education","NAAC Rating: A","rgnul.ac.in"
"21","Shaheed Bhagat Singh State University, Firozpur","Undergraduate Programs:
B.Tech
B.Sc
B.Tech {Lateral}
Bachelor of Computer Applications (BCA)
Postgraduate Programs:
Master of Business Administration (MBA)
Master of Commerce (M.Com)
Diploma and Certificate Programs:
Post Graduate Diploma in Computer Applications (PGDCA)
Post Graduate Diploma in Business Management (PGDBM)
Lateral Polytechnic
Polytechnic
Part-Time Courses:
Certificate in Welding","Not listed","Not listed","Available online","Approx. 1,000","Varies by program","Available","Available","Focus on arts, culture, and social sciences","Partnerships with global institutions","Known for social sciences programs","NAAC Rating: B","sgbssu.ac.in"
"22","Sri Guru Granth Sahib World University, Fatehgarh Sahib","Undergraduate programs include Bachelor of Science (B.Sc) in Medical Laboratory Technology and B.Sc (Hons.), Bachelor of Physiotherapy (BPT), Bachelor of Arts (BA), Bachelor of Arts + Bachelor of Laws (B.A.LL.B.), Bachelor of Commerce (B.Com Hons.), Bachelor of Business Administration (BBA), Bachelor of Law (LL.B), Bachelor of Physical Education (B.P.Ed), Bachelor of Management Studies (BMS), Bachelor of Computer Applications (BCA), Bachelor of Physical Education and Sports (BPES), Bachelor of Arts + Bachelor of Education (BA + B.Ed), Bachelor of Technology (B.Tech) in various specializations, and integrated B.Tech + M.Tech programs.
Postgraduate programs include Master of Science (M.Sc) and M.Sc (Hons.), Master of Computer Applications (MCA), Master of Business Administration (MBA), Master of Commerce (M.Com), Master of Technology (M.Tech), Master of Arts (MA) in various disciplines, Master of Laws (LL.M), Master of Physical Education (M.P.Ed), and Master of Physiotherapy (MPT).
Diploma programs are offered in various fields, including Diploma in Engineering (Polytechnic) and others. Certificate courses, such as the Certificate Course in Sri Guru Granth Sahib, are also available. Additionally, the institution provides opportunities for advanced research through its Ph.D. programs in multiple disciplines. ","Not listed","Not listed","Available online","2,500+","Varies by program","Available","Available","Prominent private university in Punjab","International academic linkages","Known for diverse academic offerings","NAAC Rating: A","sggswu.edu.in"
"23","Swami Vivekanand Institute of Engineering and Technology (SVIET), Mohali","Undergraduate programs include Bachelor of Technology (B.Tech) with lateral entry options, Bachelor of Pharmacy (B.Pharm), Bachelor of Computer Applications (BCA) with lateral entry options, Bachelor of Science (B.Sc) with lateral entry options, Bachelor of Business Administration (BBA), Bachelor of Commerce (B.Com), Bachelor of Arts + Bachelor of Laws (B.A.LL.B.), Bachelor of Law (LL.B), Bachelor of Physiotherapy (BPT), Bachelor of Hotel Management and Catering Technology (BHMCT), and Pharm.D.
Diploma programs include Diploma in Pharmacy (D.Pharm), Diploma in Engineering (Polytechnic) with lateral entry options, and Industrial Training Institute (ITI) programs. Postgraduate programs include Master of Technology (M.Tech), Master of Computer Applications (MCA), Master of Science (M.Sc), Master of Business Administration (MBA), Master of Arts (MA), Master of Commerce (M.Com), and Master of Education (M.Ed).
The institution also offers a Post Graduate Diploma in Computer Applications (PGDCA) and research opportunities through Ph.D. programs in various disciplines. ","104(NIRF)","Not listed","Available online","2,000+","Engineering courses","Available","Available","Focus on technical education","Collaborations with international institutions","Known for engineering programs","NAAC Rating: B","sviet.org"
"24","Thapar Institute of Engineering and Technology, Patiala","Undergraduate programs include Bachelor of Technology (B.Tech) in Biotechnology and Bachelor of Engineering (BE) with 15 different specializations, as well as lateral entry options for both B.Tech and BE. Postgraduate programs include Master of Technology (M.Tech) with 7 specializations, Master of Engineering (ME) with 14 options, Master of Science (M.Sc) in 6 fields, and Master of Arts (MA) in 3 areas. Additionally, the institution offers an extensive MBA program with 12 specializations. Ph.D. programs are available in 15 disciplines.","14 (India)","Not listed","Available online","3,000+","Engineering programs","Available","Available","Prestigious technical institution","Collaborations with top global universities","Ranked among the top engineering institutes","NAAC Rating: A","thapar.edu"
"25","University of Petroleum and Energy Studies (UPES), Dehradun","The School of Computer Science offers programs such as B.Tech., B.Sc., BCA, M.Tech., and MCA. The School of Business provides programs including BBA, B.Com. (Hons.), MBA, and integrated programs like BBA-MBA and B.Com. (Hons.)-MBA. The School of Law features courses such as BA LL.B (Hons.), BBA LL.B (Hons.), LL.B (Hons.), and LL.M.
The School of Design offers B.Des. and M.Des. programs. The School of Advanced Engineering provides B.Tech., B.Sc. (Hons.), M.Tech., and M.Sc. programs. The School of Liberal Studies & Media offers courses like B.Sc. (H), BA, BA (H), and MA. Lastly, the School of Health Sciences includes programs like B.Pharm, B.Sc., B.Tech., and M.Sc.","151-200 (India)","Not listed","Available online","5,000+","Specialized courses","Available","Available","Leading university in energy and petroleum education","Global partnerships in energy and research","Notable for energy programs","NAAC Rating: A","upes.ac.in"
"","","","","","","","","","","","","","",""
"","","","","","","","","","","","","","",""
"","","","","","","","","","","","","","",""
"","","","","","","","","","","","","","",""
"","","","","","","","","","","","","","",""
"","","","","","","","","","","","","","",""
"","","","","","","","","","","","","","",""
"","","","","","","","","","","","","","",""
"","","","","","","","","","","","","","",""
"","","","","","","","","","","","","","",""
"","","","","","","","","","","","","","",""
"","","","","","","","","","","","","","",""
"","","","","","","","","","","","","","",""
"","","","","","","","","","","","","","",""
"","","","","","","","","","","","","","",""
"","","","","","","","","","","","","","",""
"","","","","","","","","","","","","","",""
"","","","","","","","","","","","","","",""
"","","","","","","","","","","","","","",""
"","","","","","","","","","","","","","",""
"","","","","","","","","","","","","","",""
"","","","","","","","","","","","","","",""
"","","","","","","","","","","","","","",""
"","","","","","","","","","","","","","",""
"","","","","","","","","","","","","","",""
"","","","","","","","","","","","","","",""
"","","","","","","","","","","","","","",""
"","","","","","","","","","","","","","",""
"","","","","","","","","","","","","","",""
"","","","","","","","","","","","","","",""
"","","","","","","","","","","","","","",""
"","","","","","","","","","","","","","",""
"","","","","","","","","","","","","","",""
"","","","","","","","","","","","","","",""
""
